-- =============================================================================
-- SmartAssist 真实环境买家会话假数据
-- 执行时间: 2026-07-09
-- 描述: 为真实环境（Supabase）添加买家会话假数据用于演示
-- =============================================================================

BEGIN;

-- =============================================================================
-- Step 1: 创建示例用户（客户）
-- =============================================================================

INSERT INTO customers (id, name, phone, email, source_platform, tags, notes, conversation_count)
VALUES
  ('c0000000-0000-0000-0000-000000000001', '张小明', '13800138001', 'zhangxm@example.com', 'web', '["vip", "high_value"]'::jsonb, '高价值客户，月消费5000+', 15),
  ('c0000000-0000-0000-0000-000000000002', '李婷', '13900139002', 'liting@example.com', 'qianniu', '["repeat_buyer"]'::jsonb, '老客户，复购率高', 28),
  ('c0000000-0000-0000-0000-000000000003', '王伟', '13700137003', 'wangwei@example.com', 'doudian', '[]'::jsonb, NULL, 5),
  ('c0000000-0000-0000-0000-000000000004', '赵敏', '13600136004', 'zhaomin@example.com', 'web', '["new_customer"]'::jsonb, '新客户，首单', 1),
  ('c0000000-0000-0000-0000-000000000005', '陈建国', '13500135005', 'chenjg@example.com', 'qianniu', '["vip"]'::jsonb, 'VIP客户，享受专属客服', 42)
ON CONFLICT (id) DO NOTHING;

-- =============================================================================
-- Step 2: 创建买家会话对话
-- =============================================================================

INSERT INTO conversations (id, title, status, rating, message_count, source, priority, unread_count, external_user_id, handoff_reason, summary, created_at, updated_at)
VALUES
  (
    'f0000000-0000-0000-0000-000000000001',
    '订单退款咨询',
    'active',
    NULL,
    6,
    'web',
    'normal',
    2,
    'c0000000-0000-0000-0000-000000000001',
    NULL,
    '客户询问订单退款进度，已告知3-5个工作日到账',
    NOW() - INTERVAL '1 hour',
    NOW() - INTERVAL '30 minutes'
  ),
  (
    'f0000000-0000-0000-0000-000000000002',
    '产品质量投诉',
    'handoff',
    NULL,
    8,
    'qianniu',
    'urgent',
    1,
    'c0000000-0000-0000-0000-000000000002',
    '客户情绪激动，需要人工处理质量问题',
    '客户反映收到的商品有质量问题，要求退货退款',
    NOW() - INTERVAL '2 hours',
    NOW() - INTERVAL '15 minutes'
  ),
  (
    'f0000000-0000-0000-0000-000000000003',
    '物流配送咨询',
    'ended',
    5,
    5,
    'web',
    'normal',
    0,
    'c0000000-0000-0000-0000-000000000003',
    NULL,
    '客户询问快递配送时间，已提供运单号和预计送达时间',
    NOW() - INTERVAL '24 hours',
    NOW() - INTERVAL '12 hours'
  ),
  (
    'f0000000-0000-0000-0000-000000000004',
    '尺码选择帮助',
    'active',
    NULL,
    6,
    'doudian',
    'normal',
    3,
    'c0000000-0000-0000-0000-000000000004',
    NULL,
    '客户咨询尺码选择，身高170cm体重65kg推荐M码',
    NOW() - INTERVAL '30 minutes',
    NOW() - INTERVAL '5 minutes'
  ),
  (
    'f0000000-0000-0000-0000-000000000005',
    '商品缺货咨询',
    'active',
    NULL,
    4,
    'web',
    'normal',
    1,
    'c0000000-0000-0000-0000-000000000001',
    NULL,
    '客户询问心仪商品何时补货，已告知预计到货时间',
    NOW() - INTERVAL '1.5 hours',
    NOW() - INTERVAL '20 minutes'
  ),
  (
    'f0000000-0000-0000-0000-000000000006',
    '优惠券使用问题',
    'ended',
    4,
    7,
    'qianniu',
    'normal',
    0,
    'c0000000-0000-0000-0000-000000000002',
    NULL,
    '客户咨询满减优惠券使用方法，已详细说明使用规则',
    NOW() - INTERVAL '48 hours',
    NOW() - INTERVAL '24 hours'
  ),
  (
    'f0000000-0000-0000-0000-000000000007',
    '地址修改请求',
    'handoff',
    NULL,
    5,
    'web',
    'urgent',
    0,
    'c0000000-0000-0000-0000-000000000005',
    '需要核实身份，已转人工',
    '客户要求修改收货地址，地址已修改成功',
    NOW() - INTERVAL '3 hours',
    NOW() - INTERVAL '10 minutes'
  ),
  (
    'f0000000-0000-0000-0000-000000000008',
    '会员积分兑换',
    'active',
    NULL,
    3,
    'doudian',
    'normal',
    2,
    'c0000000-0000-0000-0000-000000000003',
    NULL,
    '客户咨询会员积分可兑换的礼品选项',
    NOW() - INTERVAL '15 minutes',
    NOW() - INTERVAL '7 minutes'
  ),
  (
    'f0000000-0000-0000-0000-000000000009',
    '发票开具咨询',
    'ended',
    5,
    4,
    'web',
    'normal',
    0,
    'c0000000-0000-0000-0000-000000000005',
    NULL,
    '客户要求开具增值税专用发票，已告知开票流程',
    NOW() - INTERVAL '72 hours',
    NOW() - INTERVAL '48 hours'
  ),
  (
    'f0000000-0000-0000-0000-000000000010',
    '退换货流程咨询',
    'active',
    NULL,
    5,
    'qianniu',
    'normal',
    1,
    'c0000000-0000-0000-0000-000000000004',
    NULL,
    '客户咨询7天无理由退换货的具体流程和要求',
    NOW() - INTERVAL '45 minutes',
    NOW() - INTERVAL '10 minutes'
  )
ON CONFLICT (id) DO NOTHING;

-- =============================================================================
-- Step 3: 创建买家会话消息
-- =============================================================================

-- 订单退款咨询 (f0000000-0000-0000-0000-000000000001)
INSERT INTO messages (id, conversation_id, role, content, message_type, created_at)
VALUES
  ('m0000000-0000-0000-0000-000000000101', 'f0000000-0000-0000-0000-000000000001', 'user', '你好，我有一笔订单想申请退款，请问多久能到账？', 'text', NOW() - INTERVAL '1 hour'),
  ('m0000000-0000-0000-0000-000000000102', 'f0000000-0000-0000-0000-000000000001', 'assistant', '您好！感谢您的咨询。退款申请审核通过后，款项会在3-5个工作日内退回到您的原支付账户。请问您的订单号是多少？我帮您查询一下具体进度。', 'text', NOW() - INTERVAL '59 minutes'),
  ('m0000000-0000-0000-0000-000000000103', 'f0000000-0000-0000-0000-000000000001', 'user', '订单号是 ORD20240615001，我已经申请退款3天了', 'text', NOW() - INTERVAL '58 minutes'),
  ('m0000000-0000-0000-0000-000000000104', 'f0000000-0000-0000-0000-000000000001', 'assistant', '我帮您查询了一下，您的退款申请已于6月18日审核通过，预计最晚6月23日到账（以实际到账为准）。由于是周末可能会顺延，还请您耐心等待，如有其他问题随时联系我。', 'text', NOW() - INTERVAL '57 minutes'),
  ('m0000000-0000-0000-0000-000000000105', 'f0000000-0000-0000-0000-000000000001', 'user', '好的，谢谢！', 'text', NOW() - INTERVAL '33 minutes'),
  ('m0000000-0000-0000-0000-000000000106', 'f0000000-0000-0000-0000-000000000001', 'assistant', '不客气！请问还有其他可以帮到您的吗？', 'text', NOW() - INTERVAL '32 minutes')
ON CONFLICT (id) DO NOTHING;

-- 产品质量投诉 (f0000000-0000-0000-0000-000000000002)
INSERT INTO messages (id, conversation_id, role, content, message_type, created_at)
VALUES
  ('m0000000-0000-0000-0000-000000000201', 'f0000000-0000-0000-0000-000000000002', 'user', '收到货后发现衣服有个破洞，质量太差了', 'text', NOW() - INTERVAL '2 hours'),
  ('m0000000-0000-0000-0000-000000000202', 'f0000000-0000-0000-0000-000000000002', 'assistant', '非常抱歉给您带来不好的体验！请问您方便拍张破损处的照片发给我吗？我这边帮您申请退换货处理。', 'text', NOW() - INTERVAL '1 hour 58 minutes'),
  ('m0000000-0000-0000-0000-000000000203', 'f0000000-0000-0000-0000-000000000002', 'user', '你看这个破洞，就在袖口那里', 'text', NOW() - INTERVAL '1 hour 56 minutes'),
  ('m0000000-0000-0000-0000-000000000204', 'f0000000-0000-0000-0000-000000000002', 'assistant', '感谢您发来的照片，确实可以看到袖口处有破损。这种情况我们承担全部责任。为您安排退货退款处理，请问您方便寄回吗？我们会补偿您8元运费。', 'text', NOW() - INTERVAL '1 hour 55 minutes'),
  ('m0000000-0000-0000-0000-000000000205', 'f0000000-0000-0000-0000-000000000002', 'user', '我要求直接退款，不想寄回去了，太麻烦了', 'text', NOW() - INTERVAL '1 hour 53 minutes'),
  ('m0000000-0000-0000-0000-000000000206', 'f0000000-0000-0000-0000-000000000002', 'assistant', '理解您的心情。对于这种明显质量问题，我们可以为您申请极速退款，请您提供支付宝账号，我这边为您提交申请。', 'text', NOW() - INTERVAL '1 hour 52 minutes'),
  ('m0000000-0000-0000-0000-000000000207', 'f0000000-0000-0000-0000-000000000002', 'user', '我的支付宝是 138****8888，麻烦尽快处理', 'text', NOW() - INTERVAL '50 minutes'),
  ('m0000000-0000-0000-0000-000000000208', 'f0000000-0000-0000-0000-000000000002', 'assistant', '【系统】已为您转接人工客服', 'text', NOW() - INTERVAL '48 minutes')
ON CONFLICT (id) DO NOTHING;

-- 物流配送咨询 (f0000000-0000-0000-0000-000000000003)
INSERT INTO messages (id, conversation_id, role, content, message_type, created_at)
VALUES
  ('m0000000-0000-0000-0000-000000000301', 'f0000000-0000-0000-0000-000000000003', 'user', '我的快递怎么还没到？已经3天了', 'text', NOW() - INTERVAL '24 hours'),
  ('m0000000-0000-0000-0000-000000000302', 'f0000000-0000-0000-0000-000000000003', 'assistant', '您好，我来帮您查询一下物流信息。请提供一下您的订单号或收件人手机号。', 'text', NOW() - INTERVAL '23 hours 58 minutes'),
  ('m0000000-0000-0000-0000-000000000303', 'f0000000-0000-0000-0000-000000000003', 'user', '手机号 139****1234', 'text', NOW() - INTERVAL '23 hours 56 minutes'),
  ('m0000000-0000-0000-0000-000000000304', 'f0000000-0000-0000-0000-000000000003', 'assistant', '查询到您的包裹正在派送中，预计今天下午5点前送达。快递员是张师傅，电话 138****5678，如有问题可以直接联系。', 'text', NOW() - INTERVAL '23 hours 55 minutes'),
  ('m0000000-0000-0000-0000-000000000305', 'f0000000-0000-0000-0000-000000000003', 'user', '好的，谢谢', 'text', NOW() - INTERVAL '12 hours')
ON CONFLICT (id) DO NOTHING;

-- 尺码选择帮助 (f0000000-0000-0000-0000-000000000004)
INSERT INTO messages (id, conversation_id, role, content, message_type, created_at)
VALUES
  ('m0000000-0000-0000-0000-000000000401', 'f0000000-0000-0000-0000-000000000004', 'user', '这件T恤选什么尺码合适？', 'text', NOW() - INTERVAL '30 minutes'),
  ('m0000000-0000-0000-0000-000000000402', 'f0000000-0000-0000-0000-000000000004', 'assistant', '您好！请问您能告诉我您的身高体重吗？这样我可以帮您推荐更合适的尺码。', 'text', NOW() - INTERVAL '28 minutes'),
  ('m0000000-0000-0000-0000-000000000403', 'f0000000-0000-0000-0000-000000000004', 'user', '我身高170cm，体重65kg', 'text', NOW() - INTERVAL '26 minutes'),
  ('m0000000-0000-0000-0000-000000000404', 'f0000000-0000-0000-0000-000000000004', 'assistant', '根据您的身材数据，推荐您选择M码。这件T恤是正常尺码，M码对应身高165-175cm、体重60-70kg的顾客穿着效果最佳。偏瘦或喜欢宽松效果的也可以选L码。', 'text', NOW() - INTERVAL '25 minutes'),
  ('m0000000-0000-0000-0000-000000000405', 'f0000000-0000-0000-0000-000000000004', 'user', '那会不会缩水？', 'text', NOW() - INTERVAL '6 minutes'),
  ('m0000000-0000-0000-0000-000000000406', 'f0000000-0000-0000-0000-000000000004', 'assistant', '这款T恤经过预缩水处理，首次洗涤后缩水率控制在3%以内，不影响正常穿着。建议洗涤时水温不要超过30度，避免暴晒，这样可以让衣服保持最佳状态。', 'text', NOW() - INTERVAL '5 minutes')
ON CONFLICT (id) DO NOTHING;

-- 商品缺货咨询 (f0000000-0000-0000-0000-000000000005)
INSERT INTO messages (id, conversation_id, role, content, message_type, created_at)
VALUES
  ('m0000000-0000-0000-0000-000000000501', 'f0000000-0000-0000-0000-000000000005', 'user', '这件连衣裙还有货吗？', 'text', NOW() - INTERVAL '90 minutes'),
  ('m0000000-0000-0000-0000-000000000502', 'f0000000-0000-0000-0000-000000000005', 'assistant', '您好！您看中的这款连衣裙目前缺货，预计下周一会补货到仓库。您可以先下单，到货后我们会第一时间为您发出。', 'text', NOW() - INTERVAL '88 minutes'),
  ('m0000000-0000-0000-0000-000000000503', 'f0000000-0000-0000-0000-000000000005', 'user', '那我要先下单还是等有货再买？', 'text', NOW() - INTERVAL '66 minutes'),
  ('m0000000-0000-0000-0000-000000000504', 'f0000000-0000-0000-0000-000000000005', 'assistant', '建议您先下单哦！这样可以锁定库存，到货后系统会自动安排发货，无需您再操作。如果您等不及，也可以选择有货时再购买。', 'text', NOW() - INTERVAL '20 minutes')
ON CONFLICT (id) DO NOTHING;

-- 优惠券使用问题 (f0000000-0000-0000-0000-000000000006)
INSERT INTO messages (id, conversation_id, role, content, message_type, created_at)
VALUES
  ('m0000000-0000-0000-0000-000000000601', 'f0000000-0000-0000-0000-000000000006', 'user', '我有一张满200减50的优惠券，为什么不能用？', 'text', NOW() - INTERVAL '48 hours'),
  ('m0000000-0000-0000-0000-000000000602', 'f0000000-0000-0000-0000-000000000006', 'assistant', '您好！我来帮您查一下优惠券的状态。请提供一下优惠券券号。', 'text', NOW() - INTERVAL '47 hours 58 minutes'),
  ('m0000000-0000-0000-0000-000000000603', 'f0000000-0000-0000-0000-000000000006', 'user', '券号是 JZ20240615001', 'text', NOW() - INTERVAL '47 hours 56 minutes'),
  ('m0000000-0000-0000-0000-000000000604', 'f0000000-0000-0000-0000-000000000006', 'assistant', '查到了！您的优惠券是新人专享券，需要单笔订单金额满200元（不含运费）才能使用。您当前的购物车金额是185元，还差15元就能用券了。', 'text', NOW() - INTERVAL '47 hours 55 minutes'),
  ('m0000000-0000-0000-0000-000000000605', 'f0000000-0000-0000-0000-000000000006', 'user', '原来是这样，那我再看看有没有别的东西要买', 'text', NOW() - INTERVAL '47 hours 53 minutes'),
  ('m0000000-0000-0000-0000-000000000606', 'f0000000-0000-0000-0000-000000000006', 'assistant', '好的！优惠券有效期到6月30日，建议您尽快使用哦。购物过程中有任何问题随时联系我。', 'text', NOW() - INTERVAL '47 hours 52 minutes'),
  ('m0000000-0000-0000-0000-000000000607', 'f0000000-0000-0000-0000-000000000006', 'user', '好的，谢谢', 'text', NOW() - INTERVAL '24 hours')
ON CONFLICT (id) DO NOTHING;

-- 地址修改请求 (f0000000-0000-0000-0000-000000000007)
INSERT INTO messages (id, conversation_id, role, content, message_type, created_at)
VALUES
  ('m0000000-0000-0000-0000-000000000701', 'f0000000-0000-0000-0000-000000000007', 'user', '我的订单还没发货，能帮我改一下地址吗？', 'text', NOW() - INTERVAL '3 hours'),
  ('m0000000-0000-0000-0000-000000000702', 'f0000000-0000-0000-0000-000000000007', 'assistant', '您好！订单未发货前是可以修改收货地址的。请告诉我您的新地址，我帮您操作。', 'text', NOW() - INTERVAL '2 hours 58 minutes'),
  ('m0000000-0000-0000-0000-000000000703', 'f0000000-0000-0000-0000-000000000007', 'user', '新地址是：上海市浦东新区张江镇科苑路88号，收件人王五，电话139****1234', 'text', NOW() - INTERVAL '2 hours 56 minutes'),
  ('m0000000-0000-0000-0000-000000000704', 'f0000000-0000-0000-0000-000000000007', 'assistant', '好的，正在为您修改地址...', 'text', NOW() - INTERVAL '2 hours 55 minutes'),
  ('m0000000-0000-0000-0000-000000000705', 'f0000000-0000-0000-0000-000000000007', 'assistant', '【系统】检测到需要核实身份，已为您转接人工客服', 'text', NOW() - INTERVAL '2 hours 53 minutes')
ON CONFLICT (id) DO NOTHING;

-- 会员积分兑换 (f0000000-0000-0000-0000-000000000008)
INSERT INTO messages (id, conversation_id, role, content, message_type, created_at)
VALUES
  ('m0000000-0000-0000-0000-000000000801', 'f0000000-0000-0000-0000-000000000008', 'user', '我有多少积分？可以换什么？', 'text', NOW() - INTERVAL '15 minutes'),
  ('m0000000-0000-0000-0000-000000000802', 'f0000000-0000-0000-0000-000000000008', 'assistant', '您好！我这边查询到您目前有3280会员积分。积分可以兑换以下礼品：50积分兑换5元无门槛优惠券、100积分兑换10元店铺红包、500积分兑换精美礼品一份、2000积分兑换免运费特权。您对哪个感兴趣？', 'text', NOW() - INTERVAL '13 minutes'),
  ('m0000000-0000-0000-0000-000000000803', 'f0000000-0000-0000-0000-000000000008', 'user', '5元优惠券怎么兑换？', 'text', NOW() - INTERVAL '7 minutes')
ON CONFLICT (id) DO NOTHING;

-- 发票开具咨询 (f0000000-0000-0000-0000-000000000009)
INSERT INTO messages (id, conversation_id, role, content, message_type, created_at)
VALUES
  ('m0000000-0000-0000-0000-000000000901', 'f0000000-0000-0000-0000-000000000009', 'user', '能开增值税专用发票吗？', 'text', NOW() - INTERVAL '72 hours'),
  ('m0000000-0000-0000-0000-000000000902', 'f0000000-0000-0000-0000-000000000009', 'assistant', '您好！可以的。请提供以下开票信息：1. 公司名称 2. 纳税人识别号 3. 开户银行及账号 4. 注册地址和电话。我帮您提交开票申请。', 'text', NOW() - INTERVAL '71 hours 58 minutes'),
  ('m0000000-0000-0000-0000-000000000903', 'f0000000-0000-0000-0000-000000000009', 'user', '公司名：上海智联科技有限公司，税号：91310000MA1K3XYZ12，银行：工商银行上海张江支行，账号：622202****8888，地址：上海市浦东新区张江高科技园区，电话：021-88888888', 'text', NOW() - INTERVAL '71 hours 56 minutes'),
  ('m0000000-0000-0000-0000-000000000904', 'f0000000-0000-0000-0000-000000000009', 'assistant', '收到！开票信息已确认。发票会在7个工作日内开具并寄出，寄出后会有短信通知您。收货地址与订单地址一致可以吗？', 'text', NOW() - INTERVAL '48 hours')
ON CONFLICT (id) DO NOTHING;

-- 退换货流程咨询 (f0000000-0000-0000-0000-000000000010)
INSERT INTO messages (id, conversation_id, role, content, message_type, created_at)
VALUES
  ('m0000000-0000-0000-0000-000000001001', 'f0000000-0000-0000-0000-000000000010', 'user', '7天无理由退换货怎么操作？', 'text', NOW() - INTERVAL '45 minutes'),
  ('m0000000-0000-0000-0000-000000001002', 'f0000000-0000-0000-0000-000000000010', 'assistant', '您好！7天无理由退换货流程如下：1. 在"我的订单"中找到该商品，点击"申请退换"；2. 选择退换原因（不喜欢/尺码不合适/其他）；3. 提交后等待审核；4. 审核通过后，按提示寄回商品；5. 我们收到货后3个工作日内完成退款。请问您是因为什么原因想退换呢？', 'text', NOW() - INTERVAL '43 minutes'),
  ('m0000000-0000-0000-0000-000000001003', 'f0000000-0000-0000-0000-000000000010', 'user', '尺码买大了，穿着不合适', 'text', NOW() - INTERVAL '41 minutes'),
  ('m0000000-0000-0000-0000-000000001004', 'f0000000-0000-0000-0000-000000000010', 'assistant', '明白了！您可以选择换小一码或者直接退货。如果同款有货的话建议换货，这样更快。换货的话寄回后我们收到就会立刻发出新尺码，退货退款一般3-5个工作日到账。', 'text', NOW() - INTERVAL '40 minutes'),
  ('m0000000-0000-0000-0000-000000001005', 'f0000000-0000-0000-0000-000000000010', 'user', '我再想想，谢谢', 'text', NOW() - INTERVAL '10 minutes')
ON CONFLICT (id) DO NOTHING;

-- =============================================================================
-- Step 4: 创建客户-对话关联
-- =============================================================================

INSERT INTO customer_conversations (customer_id, conversation_id)
VALUES
  ('c0000000-0000-0000-0000-000000000001', 'f0000000-0000-0000-0000-000000000001'),
  ('c0000000-0000-0000-0000-000000000002', 'f0000000-0000-0000-0000-000000000002'),
  ('c0000000-0000-0000-0000-000000000003', 'f0000000-0000-0000-0000-000000000003'),
  ('c0000000-0000-0000-0000-000000000004', 'f0000000-0000-0000-0000-000000000004'),
  ('c0000000-0000-0000-0000-000000000001', 'f0000000-0000-0000-0000-000000000005'),
  ('c0000000-0000-0000-0000-000000000002', 'f0000000-0000-0000-0000-000000000006'),
  ('c0000000-0000-0000-0000-000000000005', 'f0000000-0000-0000-0000-000000000007'),
  ('c0000000-0000-0000-0000-000000000003', 'f0000000-0000-0000-0000-000000000008'),
  ('c0000000-0000-0000-0000-000000000005', 'f0000000-0000-0000-0000-000000000009'),
  ('c0000000-0000-0000-0000-000000000004', 'f0000000-0000-0000-0000-000000000010')
ON CONFLICT DO NOTHING;

COMMIT;

-- =============================================================================
-- 数据统计
-- =============================================================================

-- SELECT 'Customers' as table_name, COUNT(*) as count FROM customers WHERE id LIKE 'c0000000-%';
-- SELECT 'Conversations' as table_name, COUNT(*) as count FROM conversations WHERE id LIKE 'f0000000-%';
-- SELECT 'Messages' as table_name, COUNT(*) as count FROM messages WHERE id LIKE 'm0000000-%';
